Faktoren für Selektionstafel,,
,Männer,Frauen
1,0.670538,0.712823
2,0.876209,0.79823
3,0.876209,0.79823
4,0.876209,0.79823
5,0.876209,0.79823
